{
    "AgilePredictor": {
        "1 fly below": {
            "mean": 1.492607724473721,
            "std": 0.027990941638071275
        },
        "2 fly above": {
            "mean": 1.3962144672792363,
            "std": 0.15508497409713154
        },
        "3 swapping": {
            "mean": 2.7098212437090416,
            "std": 0.21863156524712624
        },
        "3 swapping (very fast)": {
            "mean": 1.6291608295922333,
            "std": 0.07794986569304639
        }
    },
    "DWPredictor": {
        "1 fly below": {
            "mean": 1.5291516960995564,
            "std": 0.3268328155341979
        },
        "2 fly above": {
            "mean": 2.104903887311563,
            "std": 0.13157005803549027
        },
        "3 swapping": {
            "mean": 3.8083623671740408,
            "std": 0.6226791250595346
        },
        "3 swapping (very fast)": {
            "mean": 3.264268889972179,
            "std": 0.5749136867911162
        }
    },
    "ShallowEquivariantPredictor": {
        "1 fly below": {
            "mean": 2.62753538362521,
            "std": 0.25205553163570965
        },
        "2 fly above": {
            "mean": 2.56410451314372,
            "std": 0.4232751408042743
        },
        "3 swapping": {
            "mean": 4.157251044123016,
            "std": 0.556731973748671
        },
        "3 swapping (very fast)": {
            "mean": 3.963517785149578,
            "std": 0.6939398640482164
        }
    },
    "NeuralSwarmPredictor": {
        "1 fly below": {
            "mean": 1.4683753374166921,
            "std": 0.12520614665915533
        },
        "2 fly above": {
            "mean": 1.930430393456344,
            "std": 0.2041005015861972
        },
        "3 swapping": {
            "mean": 3.87110202452732,
            "std": 0.35103101513185764
        },
        "3 swapping (very fast)": {
            "mean": 3.1650730220996213,
            "std": 0.7197419815705121
        }
    }
}